FirstName,LastName,PlayerID,Age,Pos,Date,Tm,H/A,Opp,W/L,GmSc,GS,MP,FG,FGA,FG%,2P,2PA,2P%,3P,3PA,3P%,FT,FTA,FT%,TS%,ORB,DRB,TRB,AST,STL,BLK,TOV,PF,PTS,BPM
Nikola,Vucevic,vucevni01,30-111,C,2/12/2021,ORL,@,SAC,W,39.5,1,34,17,22,0.773,11,14,0.786,6,8,0.75,2,3,0.667,0.901,1,8,9,4,2,0,1,1,42,24.7
Nikola,Vucevic,vucevni01,30-104,C,2/5/2021,ORL,,CHI,W,37.7,1,37,17,29,0.586,13,19,0.684,4,10,0.4,5,6,0.833,0.68,3,16,19,4,0,1,1,2,43,14.2
Nikola,Vucevic,vucevni01,30-084,C,1/16/2021,ORL,@,BRK,L,33.1,1,36,14,22,0.636,8,10,0.8,6,12,0.5,0,0,,0.773,4,6,10,7,5,0,4,4,34,18.5
Nikola,Vucevic,vucevni01,30-118,C,2/19/2021,ORL,,GSW,W,32.2,1,39,13,23,0.565,11,15,0.733,2,8,0.25,2,2,1,0.628,0,16,16,10,1,1,0,1,30,12.5
Nikola,Vucevic,vucevni01,30-120,C,2/21/2021,ORL,,DET,W,30,1,36,14,27,0.519,12,21,0.571,2,6,0.333,7,7,1,0.615,0,12,12,3,1,2,1,2,37,11.7
Nikola,Vucevic,vucevni01,30-066,C,12/29/2020,ORL,@,OKC,W,27.9,1,34,12,18,0.667,9,14,0.643,3,4,0.75,1,1,1,0.759,3,7,10,5,1,0,1,0,28,13.7
Nikola,Vucevic,vucevni01,30-077,C,1/9/2021,ORL,@,DAL,L,26.7,1,33,14,24,0.583,12,17,0.706,2,7,0.286,0,0,,0.625,3,12,15,2,2,0,0,3,30,14.5
Nikola,Vucevic,vucevni01,30-126,C,2/27/2021,ORL,,UTA,L,26.1,1,35,14,26,0.538,9,19,0.474,5,7,0.714,1,1,1,0.643,1,7,8,4,1,1,1,4,34,
Terrence,Ross,rosste01,30-012,F-G,2/17/2021,ORL,,NYK,W,25.2,0,30,10,16,0.625,5,10,0.5,5,6,0.833,5,5,1,0.824,0,6,6,4,2,2,4,4,30,17.8
Nikola,Vucevic,vucevni01,30-070,C,1/2/2021,ORL,,OKC,L,25.2,1,35,13,21,0.619,9,14,0.643,4,7,0.571,0,0,,0.714,2,11,13,2,0,0,1,1,30,13
Evan,Fournier,fournev01,28-113,G-F,2/19/2021,ORL,,GSW,W,24.8,1,32,11,18,0.611,6,9,0.667,5,9,0.556,1,2,0.5,0.742,0,4,4,6,2,0,2,0,28,10.5
Nikola,Vucevic,vucevni01,30-108,C,2/9/2021,ORL,@,POR,L,24.4,1,41,10,21,0.476,8,14,0.571,2,7,0.286,5,9,0.556,0.541,2,13,15,4,2,2,1,2,27,7
Nikola,Vucevic,vucevni01,30-072,C,1/4/2021,ORL,,CLE,W,24.1,1,31,9,16,0.563,7,11,0.636,2,5,0.4,3,3,1,0.664,2,6,8,2,2,3,0,0,23,18.8
Evan,Fournier,fournev01,28-085,G-F,1/22/2021,ORL,@,IND,L,23.9,1,36,8,14,0.571,4,6,0.667,4,8,0.5,6,12,0.5,0.674,1,3,4,9,0,0,1,0,26,10.6
Evan,Fournier,fournev01,28-115,G-F,2/21/2021,ORL,,DET,W,23.9,1,31,7,15,0.467,4,5,0.8,3,10,0.3,12,13,0.923,0.7,1,6,7,7,0,0,4,1,29,8.6
Nikola,Vucevic,vucevni01,30-093,C,1/25/2021,ORL,,CHO,W,22.4,1,36,11,23,0.478,7,16,0.438,4,7,0.571,2,2,1,0.586,2,10,12,7,1,0,3,3,28,5.6
Evan,Fournier,fournev01,28-055,G-F,12/23/2020,ORL,,MIA,W,22.1,1,31,9,13,0.692,6,8,0.75,3,5,0.6,4,5,0.8,0.822,0,0,0,4,3,0,2,2,25,12.4
Nikola,Vucevic,vucevni01,30-086,C,1/18/2021,ORL,@,NYK,L,22,1,36,10,16,0.625,8,11,0.727,2,5,0.4,2,2,1,0.711,2,12,14,0,0,2,0,3,24,10.1
Nikola,Vucevic,vucevni01,30-095,C,1/27/2021,ORL,,SAC,L,21.7,1,33,11,18,0.611,9,16,0.563,2,2,1,2,2,1,0.689,2,7,9,2,0,0,1,0,26,6
Evan,Fournier,fournev01,28-090,G-F,1/27/2021,ORL,,SAC,L,21.3,1,30,7,15,0.467,4,7,0.571,3,8,0.375,8,8,1,0.675,0,3,3,4,0,3,1,2,25,10.9
Nikola,Vucevic,vucevni01,30-088,C,1/20/2021,ORL,@,MIN,W,21.1,1,43,11,27,0.407,8,20,0.4,3,7,0.429,3,4,0.75,0.487,3,5,8,4,1,2,0,2,28,6.2
Aaron,Gordon,gordoaa01,25-110,F,1/4/2021,ORL,,CLE,W,20.7,1,28,9,17,0.529,3,8,0.375,6,9,0.667,0,0,,0.706,6,5,11,1,1,0,2,1,24,15.8
Nikola,Vucevic,vucevni01,30-079,C,1/11/2021,ORL,,MIL,L,20.6,1,32,11,24,0.458,7,15,0.467,4,9,0.444,2,2,1,0.563,5,8,13,5,0,0,4,1,28,7.7
Terrence,Ross,rosste01,29-325,F-G,12/26/2020,ORL,@,WAS,W,20.1,0,28,9,14,0.643,6,8,0.75,3,6,0.5,4,4,1,0.793,0,2,2,1,2,0,2,0,25,8.2
Nikola,Vucevic,vucevni01,30-076,C,1/8/2021,ORL,@,HOU,L,19.8,1,30,8,19,0.421,5,12,0.417,3,7,0.429,3,3,1,0.541,3,9,12,3,1,0,0,0,22,10.1
Aaron,Gordon,gordoaa01,25-117,F,1/11/2021,ORL,,MIL,L,19.5,1,35,8,14,0.571,5,10,0.5,3,4,0.75,2,3,0.667,0.685,2,3,5,8,1,2,4,2,21,10.3
Aaron,Gordon,gordoaa01,25-124,F,1/18/2021,ORL,@,NYK,L,19.3,1,36,6,18,0.333,4,11,0.364,2,7,0.286,4,4,1,0.455,7,10,17,10,0,2,4,2,18,9.4
Terrence,Ross,rosste01,29-359,F-G,1/29/2021,ORL,,LAC,L,19.3,0,23,8,12,0.667,7,9,0.778,1,3,0.333,7,7,1,0.796,0,4,4,1,0,0,1,1,24,13.6
Markelle,Fultz,fultzma01,22-211,G,12/26/2020,ORL,@,WAS,W,19,1,31,7,13,0.538,7,11,0.636,0,2,0,7,8,0.875,0.636,2,2,4,7,1,0,2,3,21,2.4
Terrence,Ross,rosste01,29-332,F-G,1/2/2021,ORL,,OKC,L,18.8,0,31,9,21,0.429,5,12,0.417,4,9,0.444,4,5,0.8,0.56,2,3,5,2,1,0,0,1,26,10.9
Nikola,Vucevic,vucevni01,30-063,C,12/26/2020,ORL,@,WAS,W,18.2,1,31,8,20,0.4,6,13,0.462,2,7,0.286,4,4,1,0.506,3,14,17,3,2,0,3,1,22,0.7
Nikola,Vucevic,vucevni01,30-124,C,2/25/2021,ORL,@,BRK,L,18.1,1,32,12,23,0.522,9,16,0.563,3,7,0.429,1,1,1,0.597,2,10,12,2,0,0,4,1,28,4
Aaron,Gordon,gordoaa01,25-098,F,12/23/2020,ORL,,MIA,W,18,1,26,8,11,0.727,7,7,1,1,4,0.25,3,6,0.5,0.733,3,4,7,0,4,0,2,4,20,7.7
Nikola,Vucevic,vucevni01,30-101,C,2/2/2021,ORL,,TOR,L,17.5,1,37,9,19,0.474,7,12,0.583,2,7,0.286,1,1,1,0.54,3,15,18,4,0,0,2,3,21,-0.5
Terrence,Ross,rosste01,30-014,F-G,2/19/2021,ORL,,GSW,W,17.4,0,33,9,17,0.529,5,8,0.625,4,9,0.444,2,2,1,0.671,0,4,4,1,3,0,2,3,24,1.2
Mohamed,Bamba,bambamo01,22-270,C,2/6/2021,ORL,,CHI,L,17.3,0,12,7,8,0.875,7,7,1,0,1,0,0,0,,0.875,3,4,7,1,0,3,0,0,14,35.6
Dwayne,Bacon,bacondw01,25-121,G,12/29/2020,ORL,@,OKC,W,16.6,1,23,9,10,0.9,9,10,0.9,0,0,,0,0,,0.9,1,7,8,0,0,0,0,2,18,6.9
Khem,Birch,birchkh01,28-103,C-F,1/9/2021,ORL,@,DAL,L,16.6,0,24,4,4,1,4,4,1,0,0,,4,5,0.8,0.968,3,5,8,0,3,0,0,1,12,11.3
Terrence,Ross,rosste01,29-326,F-G,12/27/2020,ORL,@,WAS,W,16.4,0,31,7,15,0.467,3,8,0.375,4,7,0.571,8,8,1,0.702,1,0,1,0,1,0,2,4,26,1.7
Terrence,Ross,rosste01,29-336,F-G,1/6/2021,ORL,,CLE,W,16.4,0,22,6,9,0.667,1,3,0.333,5,6,0.833,3,4,0.75,0.929,0,2,2,2,1,1,1,5,20,20.6
Nikola,Vucevic,vucevni01,30-068,C,12/31/2020,ORL,,PHI,L,16.4,1,24,8,15,0.533,5,9,0.556,3,6,0.5,0,0,,0.633,2,8,10,3,0,0,0,3,19,14
Cole,Anthony,anthoco01,20-266,G,2/5/2021,ORL,,CHI,W,16.3,1,32,6,10,0.6,4,7,0.571,2,3,0.667,3,5,0.6,0.697,0,4,4,9,2,0,4,2,17,5.4
Markelle,Fultz,fultzma01,22-212,G,12/27/2020,ORL,@,WAS,W,16.3,1,29,11,21,0.524,9,18,0.5,2,3,0.667,2,2,1,0.594,0,2,2,2,1,0,2,1,26,0.1
Terrence,Ross,rosste01,29-346,F-G,1/16/2021,ORL,@,BRK,L,16.2,0,32,9,17,0.529,6,7,0.857,3,10,0.3,2,2,1,0.643,0,3,3,3,0,1,1,3,23,0.2
Cole,Anthony,anthoco01,20-246,G,1/16/2021,ORL,@,BRK,L,15.9,1,29,6,15,0.4,4,10,0.4,2,5,0.4,2,2,1,0.504,0,3,3,8,3,1,1,3,16,5.2
Khem,Birch,birchkh01,28-109,C-F,1/15/2021,ORL,@,BOS,L,15.8,0,33,5,8,0.625,5,7,0.714,0,1,0,2,2,1,0.676,7,5,12,2,1,0,1,1,12,2.2
Nikola,Vucevic,vucevni01,30-064,C,12/27/2020,ORL,@,WAS,W,15.7,1,28,5,11,0.455,4,7,0.571,1,4,0.25,4,4,1,0.588,0,8,8,4,2,0,0,2,15,6.8
Nikola,Vucevic,vucevni01,30-110,C,2/11/2021,ORL,@,GSW,L,15.7,1,38,8,23,0.348,5,17,0.294,3,6,0.5,6,6,1,0.488,1,12,13,5,0,0,3,3,25,0.7
Evan,Fournier,fournev01,28-088,G-F,1/25/2021,ORL,,CHO,W,15.6,1,32,7,14,0.5,2,6,0.333,5,8,0.625,0,0,,0.679,0,2,2,6,2,0,2,3,19,4.2
Michael,Carter-Williams,cartemi01,29-125,G,2/12/2021,ORL,@,SAC,W,15.4,1,27,7,16,0.438,6,13,0.462,1,3,0.333,6,8,0.75,0.538,2,5,7,7,0,0,3,3,21,-2.5
Aaron,Gordon,gordoaa01,25-128,F,1/22/2021,ORL,@,IND,L,15.2,1,37,6,10,0.6,2,3,0.667,4,7,0.571,1,2,0.5,0.781,2,7,9,9,0,2,6,5,17,5
James,Ennis,ennisja01,30-239,F,2/25/2021,ORL,@,BRK,L,15,1,16,5,5,1,3,3,1,2,2,1,3,3,1,1.187,1,2,3,0,1,0,0,2,15,19.6
Khem,Birch,birchkh01,28-098,C-F,1/4/2021,ORL,,CLE,W,14.9,0,23,5,7,0.714,5,7,0.714,0,0,,2,2,1,0.761,6,6,12,1,1,1,1,4,12,8.7
Terrence,Ross,rosste01,30-018,F-G,2/23/2021,ORL,,DET,L,14.7,0,27,4,12,0.333,1,3,0.333,3,9,0.333,2,2,1,0.505,1,7,8,4,4,1,1,2,13,9.5
Aaron,Gordon,gordoaa01,25-126,F,1/20/2021,ORL,@,MIN,W,14.5,1,36,3,9,0.333,2,5,0.4,1,4,0.25,6,8,0.75,0.519,2,7,9,7,1,4,4,2,13,4.5
Terrence,Ross,rosste01,30-004,F-G,2/9/2021,ORL,@,POR,L,14.5,0,31,9,18,0.5,7,11,0.636,2,7,0.286,2,2,1,0.583,0,4,4,1,1,0,1,1,22,0.2
Dwayne,Bacon,bacondw01,25-171,G,2/17/2021,ORL,,NYK,W,14.4,1,18,6,8,0.75,3,5,0.6,3,3,1,0,0,,0.938,1,2,3,0,1,1,0,1,15,21.6
James,Ennis,ennisja01,30-223,F,2/9/2021,ORL,@,POR,L,14.4,1,35,5,9,0.556,2,4,0.5,3,5,0.6,3,5,0.6,0.714,1,5,6,2,1,1,1,2,16,2.8
James,Ennis,ennisja01,30-225,F,2/11/2021,ORL,@,GSW,L,14.1,1,39,7,12,0.583,4,7,0.571,3,5,0.6,0,0,,0.708,4,6,10,1,2,0,3,4,17,0.8
Terrence,Ross,rosste01,30-009,F-G,2/14/2021,ORL,@,PHO,L,14.1,1,36,9,23,0.391,6,13,0.462,3,10,0.3,2,3,0.667,0.473,1,5,6,5,0,1,2,1,23,2.7
Nikola,Vucevic,vucevni01,30-122,C,2/23/2021,ORL,,DET,L,14.1,1,33,9,22,0.409,7,14,0.5,2,8,0.25,0,0,,0.455,1,8,9,4,0,2,1,1,20,2
Cole,Anthony,anthoco01,20-255,G,1/25/2021,ORL,,CHO,W,14,1,31,8,12,0.667,4,7,0.571,4,5,0.8,1,3,0.333,0.788,1,4,5,3,0,0,3,5,21,0.7
Nikola,Vucevic,vucevni01,30-083,C,1/15/2021,ORL,@,BOS,L,13.9,1,26,6,13,0.462,5,9,0.556,1,4,0.25,2,2,1,0.54,2,4,6,4,2,0,1,2,15,7.9
Dwayne,Bacon,bacondw01,25-129,G,1/6/2021,ORL,,CLE,W,13.7,1,32,8,14,0.571,6,9,0.667,2,5,0.4,1,1,1,0.658,0,2,2,1,0,0,0,0,19,3.8
Cole,Anthony,anthoco01,20-261,G,1/31/2021,ORL,@,TOR,L,13.5,1,32,5,10,0.5,4,7,0.571,1,3,0.333,5,6,0.833,0.633,1,4,5,6,0,0,2,3,16,-1.1
Dwayne,Bacon,bacondw01,25-168,G,2/14/2021,ORL,@,PHO,L,13.5,1,33,6,12,0.5,6,6,1,0,6,0,7,7,1,0.63,0,2,2,1,1,0,1,2,19,1
Evan,Fournier,fournev01,28-059,G-F,12/27/2020,ORL,@,WAS,W,13.5,1,28,4,10,0.4,2,5,0.4,2,5,0.4,9,10,0.9,0.66,1,0,1,2,0,0,1,2,19,-0.2
James,Ennis,ennisja01,30-226,F,2/12/2021,ORL,@,SAC,W,13.4,1,19,3,5,0.6,3,5,0.6,0,0,,4,5,0.8,0.694,2,1,3,4,2,0,0,1,10,11
Evan,Fournier,fournev01,28-083,G-F,1/20/2021,ORL,@,MIN,W,13.4,1,28,9,21,0.429,7,12,0.583,2,9,0.222,4,4,1,0.527,0,1,1,2,2,0,2,3,24,2.9
Evan,Fournier,fournev01,28-087,G-F,1/24/2021,ORL,,CHO,L,13.1,1,33,7,16,0.438,4,8,0.5,3,8,0.375,4,7,0.571,0.55,0,3,3,6,1,0,4,1,21,-1.6
Nikola,Vucevic,vucevni01,30-092,C,1/24/2021,ORL,,CHO,L,13.1,1,35,9,22,0.409,7,17,0.412,2,5,0.4,2,2,1,0.481,1,12,13,4,0,0,3,3,22,-3.7
Gary,Clark,clarkga01,26-069,F,1/24/2021,ORL,,CHO,L,12.9,1,35,4,7,0.571,0,0,,4,7,0.571,2,2,1,0.888,1,3,4,2,0,0,0,2,14,4.5
Evan,Fournier,fournev01,28-111,G-F,2/17/2021,ORL,,NYK,W,12.9,1,31,8,15,0.533,5,10,0.5,3,5,0.6,0,0,,0.633,0,3,3,3,1,0,2,2,19,0.3
Cole,Anthony,anthoco01,20-250,G,1/20/2021,ORL,@,MIN,W,12.8,1,28,5,7,0.714,2,4,0.5,3,3,1,0,0,,0.929,0,7,7,3,0,1,1,3,13,6.4
Khem,Birch,birchkh01,28-121,C-F,1/27/2021,ORL,,SAC,L,12.8,0,26,4,6,0.667,4,6,0.667,0,0,,0,0,,0.667,10,4,14,3,0,1,2,4,8,-0.8
James,Ennis,ennisja01,30-219,F,2/5/2021,ORL,,CHI,W,12.8,1,23,3,5,0.6,3,5,0.6,0,0,,8,8,1,0.822,0,3,3,0,1,0,0,2,14,2.7
Aaron,Gordon,gordoaa01,25-108,F,1/2/2021,ORL,,OKC,L,12.8,1,28,6,15,0.4,5,9,0.556,1,6,0.167,2,3,0.667,0.46,1,7,8,5,0,0,0,0,15,4.7
Cole,Anthony,anthoco01,20-254,G,1/24/2021,ORL,,CHO,L,12.7,1,33,6,13,0.462,4,9,0.444,2,4,0.5,0,0,,0.538,2,3,5,6,1,1,2,2,14,2.3
Dwayne,Bacon,bacondw01,25-156,G,2/2/2021,ORL,,TOR,L,12.6,0,21,5,10,0.5,1,4,0.25,4,6,0.667,1,1,1,0.718,1,4,5,1,0,0,0,0,15,7.8
Khem,Birch,birchkh01,28-136,C-F,2/11/2021,ORL,@,GSW,L,12.6,0,24,3,4,0.75,3,3,1,0,1,0,3,5,0.6,0.726,2,6,8,2,0,2,0,0,9,7.2
Khem,Birch,birchkh01,28-119,C-F,1/25/2021,ORL,,CHO,W,12.5,0,26,3,4,0.75,3,4,0.75,0,0,,2,2,1,0.82,5,3,8,3,1,0,1,1,8,4
Evan,Fournier,fournev01,28-099,G-F,2/5/2021,ORL,,CHI,W,12.4,1,29,6,13,0.462,3,6,0.5,3,7,0.429,5,6,0.833,0.639,0,3,3,4,0,0,3,3,20,-3.1
Aaron,Gordon,gordoaa01,25-137,F,1/31/2021,ORL,@,TOR,L,12.4,1,23,4,8,0.5,2,3,0.667,2,5,0.4,4,6,0.667,0.658,1,4,5,3,1,0,1,2,14,5.1
Cole,Anthony,anthoco01,20-226,G,12/27/2020,ORL,@,WAS,W,12.3,0,19,3,9,0.333,3,7,0.429,0,2,0,6,6,1,0.515,4,3,7,3,0,0,0,1,12,2.9
Aaron,Gordon,gordoaa01,25-101,F,12/26/2020,ORL,@,WAS,W,12.2,1,30,6,12,0.5,5,10,0.5,1,2,0.5,2,4,0.5,0.545,1,8,9,3,0,0,0,3,15,-1
Dwayne,Bacon,bacondw01,25-165,G,2/11/2021,ORL,@,GSW,L,12,1,37,7,18,0.389,3,11,0.273,4,7,0.571,2,2,1,0.53,1,2,3,1,3,0,2,3,20,-0.1
Nikola,Vucevic,vucevni01,30-090,C,1/22/2021,ORL,@,IND,L,11.7,1,41,10,29,0.345,6,20,0.3,4,9,0.444,0,0,,0.414,3,9,12,2,2,0,3,3,24,-6.8
Evan,Fournier,fournev01,28-121,G-F,2/27/2021,ORL,,UTA,L,11.6,1,34,7,20,0.35,6,13,0.462,1,7,0.143,1,1,1,0.391,0,7,7,4,2,1,0,2,16,
Chuma,Okeke,okekech01,22-185,F,2/19/2021,ORL,,GSW,W,11.6,0,22,4,8,0.5,1,4,0.25,3,4,0.75,0,0,,0.688,0,5,5,2,0,3,0,1,11,7.7
Terrence,Ross,rosste01,29-357,F-G,1/27/2021,ORL,,SAC,L,11.6,0,27,7,16,0.438,5,13,0.385,2,3,0.667,0,0,,0.5,0,3,3,1,3,2,2,0,16,2.5
Terrence,Ross,rosste01,29-352,F-G,1/22/2021,ORL,@,IND,L,11.5,0,33,4,9,0.444,3,4,0.75,1,5,0.2,3,4,0.75,0.558,0,4,4,2,2,0,0,0,12,0
Nikola,Vucevic,vucevni01,30-060,C,12/23/2020,ORL,,MIA,W,11.4,1,34,5,13,0.385,2,8,0.25,3,5,0.6,2,8,0.25,0.454,2,9,11,3,1,1,2,0,15,-1
Aaron,Gordon,gordoaa01,25-112,F,1/6/2021,ORL,,CLE,W,11.3,1,27,5,7,0.714,3,5,0.6,2,2,1,3,7,0.429,0.744,0,8,8,3,1,1,5,1,15,5.3
Dwayne,Bacon,bacondw01,25-148,G,1/25/2021,ORL,,CHO,W,11.2,0,18,6,11,0.545,5,9,0.556,1,2,0.5,2,2,1,0.631,0,3,3,0,1,0,0,1,15,1.7
Khem,Birch,birchkh01,28-102,C-F,1/8/2021,ORL,@,HOU,L,11,0,23,4,7,0.571,3,6,0.5,1,1,1,2,2,1,0.698,2,3,5,2,0,0,0,1,11,2.8
Cole,Anthony,anthoco01,20-263,G,2/2/2021,ORL,,TOR,L,10.9,1,31,7,12,0.583,6,9,0.667,1,3,0.333,1,1,1,0.643,1,6,7,2,1,0,4,1,16,-4
Terrence,Ross,rosste01,29-322,F-G,12/23/2020,ORL,,MIA,W,10.8,0,29,6,14,0.429,3,8,0.375,3,6,0.5,4,4,1,0.603,0,3,3,1,1,0,3,1,19,-2.4
Terrence,Ross,rosste01,29-334,F-G,1/4/2021,ORL,,CLE,W,10.8,0,31,5,13,0.385,3,6,0.5,2,7,0.286,3,3,1,0.524,0,2,2,1,4,0,2,1,15,3.1
Nikola,Vucevic,vucevni01,30-105,C,2/6/2021,ORL,,CHI,L,10.8,1,24,7,17,0.412,6,12,0.5,1,5,0.2,2,2,1,0.475,2,6,8,1,1,2,3,1,17,-0.6
Michael,Carter-Williams,cartemi01,29-136,G,2/23/2021,ORL,,DET,L,10.7,1,30,4,9,0.444,3,7,0.429,1,2,0.5,2,2,1,0.557,2,4,6,5,0,1,2,1,11,-0.4
Nikola,Vucevic,vucevni01,30-099,C,1/31/2021,ORL,@,TOR,L,10.7,1,35,5,18,0.278,3,12,0.25,2,6,0.333,3,3,1,0.388,0,14,14,4,2,1,3,1,15,-4.6
Dwayne,Bacon,bacondw01,25-145,G,1/22/2021,ORL,@,IND,L,10.6,0,17,7,12,0.583,5,9,0.556,2,3,0.667,0,0,,0.667,0,1,1,1,1,0,1,2,16,5.6
Evan,Fournier,fournev01,28-096,G-F,2/2/2021,ORL,,TOR,L,10.6,1,29,7,15,0.467,6,10,0.6,1,5,0.2,6,8,0.75,0.567,0,5,5,4,0,2,6,4,21,-6.4
Markelle,Fultz,fultzma01,22-214,G,12/29/2020,ORL,@,OKC,W,10.6,1,32,4,16,0.25,3,14,0.214,1,2,0.5,2,2,1,0.326,3,1,4,10,1,0,0,3,11,-3.6
Dwayne,Bacon,bacondw01,25-160,G,2/6/2021,ORL,,CHI,L,10.5,1,31,6,14,0.429,4,11,0.364,2,3,0.667,2,2,1,0.538,1,2,3,0,1,0,0,1,16,-2.9
Terrence,Ross,rosste01,30-007,F-G,2/12/2021,ORL,@,SAC,W,10.4,0,33,7,20,0.35,3,10,0.3,4,10,0.4,0,0,,0.45,0,5,5,4,0,1,1,1,18,-6.6
Nikola,Vucevic,vucevni01,30-074,C,1/6/2021,ORL,,CLE,W,10.4,1,34,7,18,0.389,6,13,0.462,1,5,0.2,1,1,1,0.434,0,7,7,6,0,1,2,2,16,-0.2
Dwayne,Bacon,bacondw01,25-181,G,2/27/2021,ORL,,UTA,L,10.3,1,29,5,8,0.625,4,5,0.8,1,3,0.333,2,2,1,0.732,0,3,3,0,0,0,0,0,13,
Dwayne,Bacon,bacondw01,25-138,G,1/15/2021,ORL,@,BOS,L,10.3,1,26,5,14,0.357,5,13,0.385,0,1,0,5,7,0.714,0.439,3,5,8,1,0,0,0,1,15,-2.8
Dwayne,Bacon,bacondw01,25-166,G,2/12/2021,ORL,@,SAC,W,10.2,1,39,3,8,0.375,2,3,0.667,1,5,0.2,4,4,1,0.564,0,4,4,4,1,0,1,1,11,-4.2
Aaron,Gordon,gordoaa01,25-121,F,1/15/2021,ORL,@,BOS,L,10.1,1,29,5,12,0.417,2,7,0.286,3,5,0.6,4,8,0.5,0.548,2,0,2,3,0,0,2,1,17,0.9
Dwayne,Bacon,bacondw01,25-154,G,1/31/2021,ORL,@,TOR,L,10,0,20,5,10,0.5,3,7,0.429,2,3,0.667,1,1,1,0.623,0,1,1,1,2,0,1,0,13,4.4
Aaron,Gordon,gordoaa01,25-131,F,1/25/2021,ORL,,CHO,W,10,1,34,3,9,0.333,1,5,0.2,2,4,0.5,4,10,0.4,0.448,1,10,11,7,0,1,3,2,12,-2.8
Gary,Clark,clarkga01,26-093,F,2/17/2021,ORL,,NYK,W,9.9,1,20,3,8,0.375,0,1,0,3,7,0.429,0,0,,0.563,1,4,5,2,2,0,0,0,9,6.5
Aaron,Gordon,gordoaa01,25-122,F,1/16/2021,ORL,@,BRK,L,9.9,1,31,4,11,0.364,4,5,0.8,0,6,0,3,4,0.75,0.431,2,4,6,6,2,0,3,1,11,-5
Michael,Carter-Williams,cartemi01,29-078,G,12/27/2020,ORL,@,WAS,W,9.7,0,23,3,3,1,3,3,1,0,0,,0,0,,1,1,5,6,3,2,1,2,1,6,7.5
James,Ennis,ennisja01,30-216,F,2/2/2021,ORL,,TOR,L,9.7,1,19,4,6,0.667,3,4,0.75,1,2,0.5,1,1,1,0.776,2,2,4,1,1,0,1,1,10,4.2
Nikola,Vucevic,vucevni01,30-116,C,2/17/2021,ORL,,NYK,W,9.7,1,38,8,24,0.333,8,17,0.471,0,7,0,0,0,,0.333,2,14,16,5,1,0,2,2,16,-7.7
Gary,Clark,clarkga01,26-061,F,1/16/2021,ORL,@,BRK,L,9.6,0,24,3,6,0.5,1,2,0.5,2,4,0.5,2,2,1,0.727,1,4,5,1,0,0,0,0,10,0.3
Khem,Birch,birchkh01,28-130,C-F,2/5/2021,ORL,,CHI,W,9.5,0,19,2,5,0.4,2,5,0.4,0,0,,3,5,0.6,0.486,4,2,6,3,1,1,0,3,7,3.7
Terrence,Ross,rosste01,30-016,F-G,2/21/2021,ORL,,DET,W,9.5,0,32,7,16,0.438,4,11,0.364,3,5,0.6,0,0,,0.531,0,4,4,3,0,0,2,1,17,-4.4
Mohamed,Bamba,bambamo01,22-241,C,1/8/2021,ORL,@,HOU,L,9.4,0,13,5,9,0.556,3,5,0.6,2,4,0.5,0,0,,0.667,2,5,7,0,0,0,0,3,12,7.1
James,Ennis,ennisja01,30-207,F,1/24/2021,ORL,,CHO,L,9.3,1,22,3,7,0.429,1,5,0.2,2,2,1,0,0,,0.571,3,2,5,2,2,1,1,2,8,6.9
Chasson,Randle,randlch01,28-022,G,2/27/2021,ORL,,UTA,L,9.3,0,23,3,7,0.429,1,2,0.5,2,5,0.4,0,0,,0.571,0,1,1,7,1,0,0,3,8,
Al-Farouq,Aminu,aminual01,30-153,F,2/21/2021,ORL,,DET,W,9.2,1,19,1,4,0.25,1,2,0.5,0,2,0,1,1,1,0.338,1,5,6,2,4,2,0,1,3,10.8
Khem,Birch,birchkh01,28-100,C-F,1/6/2021,ORL,,CLE,W,9.2,0,25,3,4,0.75,3,4,0.75,0,0,,0,0,,0.75,4,6,10,2,1,0,1,3,6,4
Aaron,Gordon,gordoaa01,25-115,F,1/9/2021,ORL,@,DAL,L,9.2,1,36,6,16,0.375,5,9,0.556,1,7,0.143,3,6,0.5,0.429,0,4,4,5,1,1,2,3,16,-2.6
Nikola,Vucevic,vucevni01,30-113,C,2/14/2021,ORL,@,PHO,L,9.1,1,28,4,14,0.286,3,10,0.3,1,4,0.25,5,6,0.833,0.421,0,10,10,0,2,1,2,0,14,-1.1
Mohamed,Bamba,bambamo01,22-291,C,2/27/2021,ORL,,UTA,L,8.9,0,13,4,6,0.667,1,3,0.333,3,3,1,0,0,,0.917,0,4,4,0,0,1,1,1,11,
Evan,Fournier,fournev01,28-058,G-F,12/26/2020,ORL,@,WAS,W,8.9,1,29,4,8,0.5,3,3,1,1,5,0.2,4,5,0.8,0.637,1,4,5,0,2,0,2,4,13,-4.4
Chuma,Okeke,okekech01,22-189,F,2/23/2021,ORL,,DET,L,8.9,0,21,2,4,0.5,0,1,0,2,3,0.667,0,2,0,0.615,1,3,4,3,3,0,1,0,6,7.9
Terrence,Ross,rosste01,29-348,F-G,1/18/2021,ORL,@,NYK,L,8.9,0,33,5,16,0.313,1,8,0.125,4,8,0.5,5,6,0.833,0.51,0,3,3,3,0,1,3,3,19,-0.4
Terrence,Ross,rosste01,29-328,F-G,12/29/2020,ORL,@,OKC,W,8.9,0,25,7,13,0.538,7,9,0.778,0,4,0,0,1,0,0.521,0,1,1,1,1,0,0,1,14,-4.6
Khem,Birch,birchkh01,28-137,C-F,2/12/2021,ORL,@,SAC,W,8.8,0,27,4,6,0.667,4,6,0.667,0,0,,0,0,,0.667,1,4,5,0,2,1,0,3,8,-2.3
Khem,Birch,birchkh01,28-123,C-F,1/29/2021,ORL,,LAC,L,8.7,0,24,2,4,0.5,2,4,0.5,0,0,,3,4,0.75,0.608,1,2,3,2,0,2,0,0,7,3.5
Chuma,Okeke,okekech01,22-177,F,2/11/2021,ORL,@,GSW,L,8.7,0,35,3,9,0.333,0,4,0,3,5,0.6,0,0,,0.5,2,3,5,5,1,0,2,0,9,-0.4
Frank,Mason,masonfr01,26-309,G,2/6/2021,ORL,,CHI,L,8.6,0,26,4,10,0.4,4,9,0.444,0,1,0,2,2,1,0.46,1,3,4,4,0,0,0,1,10,-5.9
Chuma,Okeke,okekech01,22-168,F,2/2/2021,ORL,,TOR,L,8.6,0,18,4,5,0.8,2,3,0.667,2,2,1,0,0,,1,0,0,0,3,1,0,1,4,10,7.4
Cole,Anthony,anthoco01,20-252,G,1/22/2021,ORL,@,IND,L,8.5,1,36,3,7,0.429,2,6,0.333,1,1,1,2,2,1,0.571,1,4,5,2,1,1,1,2,9,-3
Michael,Carter-Williams,cartemi01,29-138,G,2/25/2021,ORL,@,BRK,L,8.5,1,24,5,8,0.625,5,6,0.833,0,2,0,1,1,1,0.652,0,0,0,5,0,0,2,1,11,0
Dwayne,Bacon,bacondw01,25-150,G,1/27/2021,ORL,,SAC,L,8.2,0,18,4,12,0.333,4,11,0.364,0,1,0,4,4,1,0.436,1,3,4,0,3,0,0,4,12,-3.6
Terrence,Ross,rosste01,29-354,F-G,1/24/2021,ORL,,CHO,L,8.1,0,30,4,8,0.5,2,3,0.667,2,5,0.4,0,0,,0.625,1,1,2,3,0,0,1,0,10,-2.4
Al-Farouq,Aminu,aminual01,30-159,F,2/27/2021,ORL,,UTA,L,8,1,22,3,6,0.5,2,4,0.5,1,2,0.5,0,0,,0.583,4,2,6,0,1,0,0,1,7,
Cole,Anthony,anthoco01,20-267,G,2/6/2021,ORL,,CHI,L,8,1,29,5,16,0.313,4,13,0.308,1,3,0.333,0,0,,0.344,2,1,3,5,2,2,2,1,11,-2
Khem,Birch,birchkh01,28-118,C-F,1/24/2021,ORL,,CHO,L,8,0,19,2,2,1,2,2,1,0,0,,1,2,0.5,0.868,3,4,7,1,0,2,1,1,5,3.2
Cole,Anthony,anthoco01,20-238,G,1/8/2021,ORL,@,HOU,L,7.9,1,28,6,14,0.429,6,11,0.545,0,3,0,3,4,0.75,0.476,1,1,2,3,2,0,4,1,15,-6.5
Cole,Anthony,anthoco01,20-228,G,12/29/2020,ORL,@,OKC,W,7.8,0,16,1,5,0.2,0,3,0,1,2,0.5,4,4,1,0.518,1,3,4,3,1,0,0,2,7,2.8
Aaron,Gordon,gordoaa01,25-104,F,12/29/2020,ORL,@,OKC,W,7.8,1,22,5,10,0.5,5,7,0.714,0,3,0,2,2,1,0.551,0,5,5,2,1,1,3,2,12,-4.4
James,Ennis,ennisja01,30-205,F,1/22/2021,ORL,@,IND,L,7.6,1,28,4,7,0.571,3,4,0.75,1,3,0.333,0,0,,0.643,2,3,5,2,0,0,1,2,9,-2.6
James,Ennis,ennisja01,30-212,F,1/29/2021,ORL,,LAC,L,7.6,1,18,2,2,1,0,0,,2,2,1,0,0,,1.5,1,4,5,1,2,0,2,1,6,7.8
Cole,Anthony,anthoco01,20-225,G,12/26/2020,ORL,@,WAS,W,7.5,0,17,4,11,0.364,3,7,0.429,1,4,0.25,0,0,,0.409,1,4,5,5,0,0,0,2,9,-1.6
Frank,Mason,masonfr01,26-312,G,2/9/2021,ORL,@,POR,L,7.5,0,33,4,10,0.4,3,7,0.429,1,3,0.333,2,3,0.667,0.486,2,5,7,4,0,0,3,1,11,-8.4
Mohamed,Bamba,bambamo01,22-262,C,1/29/2021,ORL,,LAC,L,7.4,0,6,4,6,0.667,4,5,0.8,0,1,0,0,0,,0.667,2,2,4,0,0,0,0,0,8,20.4
Markelle,Fultz,fultzma01,22-208,G,12/23/2020,ORL,,MIA,W,7.3,1,29,6,15,0.4,6,12,0.5,0,3,0,3,3,1,0.46,0,5,5,4,1,1,4,4,15,-8.7
Chasson,Randle,randlch01,28-018,G,2/23/2021,ORL,,DET,L,7.2,0,18,3,4,0.75,1,1,1,2,3,0.667,1,2,0.5,0.922,0,2,2,2,0,0,1,2,9,1.3
Cole,Anthony,anthoco01,20-222,G,12/23/2020,ORL,,MIA,W,7.1,0,19,3,5,0.6,3,4,0.75,0,1,0,0,0,,0.6,0,2,2,6,2,0,3,1,6,2.8
Michael,Carter-Williams,cartemi01,29-082,G,12/31/2020,ORL,,PHI,L,7.1,0,27,3,11,0.273,3,9,0.333,0,2,0,4,4,1,0.392,2,4,6,1,0,1,0,1,10,-3.8
Markelle,Fultz,fultzma01,22-218,G,1/2/2021,ORL,,OKC,L,7.1,1,35,5,16,0.313,4,12,0.333,1,4,0.25,1,2,0.5,0.355,0,3,3,8,2,0,3,2,12,-7.6
Jordan,Bone,bonejo01,23-067,G,1/11/2021,ORL,,MIL,L,7,0,29,3,6,0.5,1,2,0.5,2,4,0.5,0,0,,0.667,1,3,4,2,0,0,1,0,8,-2.6
James,Ennis,ennisja01,30-233,F,2/19/2021,ORL,,GSW,W,6.9,1,15,2,5,0.4,0,2,0,2,3,0.667,1,2,0.5,0.595,1,7,8,2,0,0,0,3,7,0.4
Chuma,Okeke,okekech01,22-180,F,2/14/2021,ORL,@,PHO,L,6.9,0,28,4,9,0.444,3,4,0.75,1,5,0.2,0,0,,0.5,1,3,4,1,0,1,0,1,9,-1.6
Khem,Birch,birchkh01,28-090,C-F,12/27/2020,ORL,@,WAS,W,6.8,0,20,1,6,0.167,1,6,0.167,0,0,,4,4,1,0.387,2,5,7,2,0,1,0,1,6,-2.9
Evan,Fournier,fournev01,28-094,G-F,1/31/2021,ORL,@,TOR,L,6.8,1,28,2,12,0.167,1,6,0.167,1,6,0.167,6,6,1,0.376,1,1,2,3,1,1,1,1,11,-7.5
Dwayne,Bacon,bacondw01,25-152,G,1/29/2021,ORL,,LAC,L,6.7,0,23,1,7,0.143,0,4,0,1,3,0.333,3,4,0.75,0.342,0,6,6,4,2,0,1,0,6,1.9
Mohamed,Bamba,bambamo01,22-264,C,1/31/2021,ORL,@,TOR,L,6.7,0,3,3,3,1,2,2,1,1,1,1,0,0,,1.167,0,1,1,0,0,1,0,1,7,60.3
Al-Farouq,Aminu,aminual01,30-151,F,2/19/2021,ORL,,GSW,W,6.6,0,13,3,4,0.75,3,3,1,0,1,0,2,2,1,0.82,0,4,4,2,0,0,2,1,8,-0.7
Khem,Birch,birchkh01,28-112,C-F,1/18/2021,ORL,@,NYK,L,6.6,0,25,1,4,0.25,1,4,0.25,0,0,,3,4,0.75,0.434,1,6,7,1,2,0,0,2,5,-0.8
Khem,Birch,birchkh01,28-139,C-F,2/14/2021,ORL,@,PHO,L,6.6,0,34,4,6,0.667,3,4,0.75,1,2,0.5,0,0,,0.75,2,4,6,1,0,1,3,2,9,-4.7
Jordan,Bone,bonejo01,23-062,G,1/6/2021,ORL,,CLE,W,6.6,0,12,3,4,0.75,2,2,1,1,2,0.5,0,0,,0.875,1,2,3,1,0,0,0,2,7,9.6
Cole,Anthony,anthoco01,20-230,G,12/31/2020,ORL,,PHI,L,6.5,0,30,5,18,0.278,4,14,0.286,1,4,0.25,5,5,1,0.396,1,6,7,2,0,0,2,2,16,-7.2
Khem,Birch,birchkh01,28-125,C-F,1/31/2021,ORL,@,TOR,L,6.5,0,26,3,7,0.429,2,4,0.5,1,3,0.333,1,2,0.5,0.508,3,3,6,0,1,2,2,2,8,-6.4
Chuma,Okeke,okekech01,22-175,F,2/9/2021,ORL,@,POR,L,6.5,0,27,1,5,0.2,1,2,0.5,0,3,0,0,0,,0.2,3,4,7,5,3,0,1,3,2,-1.8
Dwayne,Bacon,bacondw01,25-163,G,2/9/2021,ORL,@,POR,L,6.4,1,31,4,12,0.333,1,6,0.167,3,6,0.5,0,1,0,0.442,1,3,4,2,0,0,0,1,11,-5.6
Khem,Birch,birchkh01,28-110,C-F,1/16/2021,ORL,@,BRK,L,6.4,0,25,3,9,0.333,3,7,0.429,0,2,0,3,4,0.75,0.418,1,3,4,2,0,1,0,2,9,-8.2
Khem,Birch,birchkh01,28-089,C-F,12/26/2020,ORL,@,WAS,W,6.4,0,17,4,6,0.667,4,6,0.667,0,0,,0,0,,0.667,0,5,5,1,0,0,0,3,8,-1.3
Michael,Carter-Williams,cartemi01,29-134,G,2/21/2021,ORL,,DET,W,6.4,1,27,1,3,0.333,1,3,0.333,0,0,,1,2,0.5,0.387,2,7,9,5,1,1,2,3,3,-1.1
James,Ennis,ennisja01,30-203,F,1/20/2021,ORL,@,MIN,W,6.4,1,28,2,4,0.5,1,3,0.333,1,1,1,0,0,,0.625,1,2,3,3,0,0,0,0,5,-1.3
Evan,Fournier,fournev01,28-061,G-F,12/29/2020,ORL,@,OKC,W,6.4,1,32,5,11,0.455,3,5,0.6,2,6,0.333,2,2,1,0.589,0,1,1,2,2,0,4,4,14,-7.7
Cole,Anthony,anthoco01,20-234,G,1/4/2021,ORL,,CLE,W,6.3,0,21,2,9,0.222,1,7,0.143,1,2,0.5,4,5,0.8,0.402,1,4,5,4,0,1,1,3,9,-3.5
Khem,Birch,birchkh01,28-148,C-F,2/23/2021,ORL,,DET,L,6.2,0,15,1,4,0.25,1,4,0.25,0,0,,3,4,0.75,0.434,4,2,6,1,0,1,0,2,5,-3.3
Jordan,Bone,bonejo01,23-071,G,1/15/2021,ORL,@,BOS,L,6.1,0,27,4,8,0.5,3,5,0.6,1,3,0.333,0,0,,0.563,0,3,3,0,1,0,0,2,9,-4.1
Chuma,Okeke,okekech01,22-193,F,2/27/2021,ORL,,UTA,L,6.1,0,22,2,3,0.667,1,2,0.5,1,1,1,0,0,,0.833,1,1,2,2,0,0,0,0,5,
Jordan,Bone,bonejo01,23-064,G,1/8/2021,ORL,@,HOU,L,6,0,28,3,8,0.375,2,3,0.667,1,5,0.2,0,0,,0.438,0,2,2,4,0,0,0,0,7,-6.1
Michael,Carter-Williams,cartemi01,29-127,G,2/14/2021,ORL,@,PHO,L,6,1,30,5,14,0.357,5,13,0.385,0,1,0,4,6,0.667,0.421,1,1,2,4,0,0,2,3,14,-6.2
Gary,Clark,clarkga01,26-070,F,1/25/2021,ORL,,CHO,W,5.9,0,17,3,6,0.5,1,1,1,2,5,0.4,0,0,,0.667,1,2,3,0,1,0,1,1,8,-0.5
Khem,Birch,birchkh01,28-096,C-F,1/2/2021,ORL,,OKC,L,5.7,0,15,2,4,0.5,2,4,0.5,0,0,,1,1,1,0.563,2,0,2,0,1,1,0,1,5,-1.3
Chuma,Okeke,okekech01,22-133,F,12/29/2020,ORL,@,OKC,W,5.6,0,18,1,3,0.333,1,2,0.5,0,1,0,1,2,0.5,0.387,1,2,3,1,2,1,0,0,3,2.4
Jordan,Bone,bonejo01,23-080,G,1/24/2021,ORL,,CHO,L,5.5,0,15,3,5,0.6,1,1,1,2,4,0.5,0,0,,0.8,0,1,1,1,0,0,0,3,8,1.3
Dwayne,Bacon,bacondw01,25-139,G,1/16/2021,ORL,@,BRK,L,5.4,1,29,4,10,0.4,3,7,0.429,1,3,0.333,1,2,0.5,0.46,0,0,0,0,2,0,0,2,10,-8.3
Dwayne,Bacon,bacondw01,25-118,G,12/26/2020,ORL,@,WAS,W,5.3,1,20,2,3,0.667,0,1,0,2,2,1,0,0,,1,0,1,1,1,1,0,1,1,6,1.8
Mohamed,Bamba,bambamo01,22-281,C,2/17/2021,ORL,,NYK,W,5.3,0,10,2,4,0.5,2,4,0.5,0,0,,0,0,,0.5,1,4,5,0,0,2,0,0,4,2.7
James,Ennis,ennisja01,30-214,F,1/31/2021,ORL,@,TOR,L,5.3,1,19,3,5,0.6,2,3,0.667,1,2,0.5,1,2,0.5,0.68,0,4,4,0,0,0,0,3,8,-5.5
Khem,Birch,birchkh01,28-094,C-F,12/31/2020,ORL,,PHI,L,5.2,0,24,2,7,0.286,2,7,0.286,0,0,,2,2,1,0.381,4,3,7,1,1,1,2,2,6,-6.2
Gary,Clark,clarkga01,26-074,F,1/29/2021,ORL,,LAC,L,5.2,0,26,2,7,0.286,0,0,,2,7,0.286,0,0,,0.429,4,3,7,0,0,0,0,1,6,-3.3
Mohamed,Bamba,bambamo01,22-244,C,1/11/2021,ORL,,MIL,L,5.1,0,11,3,7,0.429,3,5,0.6,0,2,0,2,3,0.667,0.481,3,1,4,1,0,1,1,4,8,-5.8
Khem,Birch,birchkh01,28-116,C-F,1/22/2021,ORL,@,IND,L,5.1,0,27,1,6,0.167,1,5,0.2,0,1,0,3,4,0.75,0.322,1,4,5,2,1,0,0,0,5,-5.8
Michael,Carter-Williams,cartemi01,29-140,G,2/27/2021,ORL,,UTA,L,5.1,1,26,2,4,0.5,2,4,0.5,0,0,,1,2,0.5,0.512,0,2,2,7,0,0,1,5,5,
Chuma,Okeke,okekech01,22-171,F,2/5/2021,ORL,,CHI,W,5,0,18,2,4,0.5,2,3,0.667,0,1,0,0,0,,0.5,2,3,5,1,0,0,0,0,4,-2.7
Michael,Carter-Williams,cartemi01,29-077,G,12/26/2020,ORL,@,WAS,W,4.9,0,19,3,4,0.75,2,2,1,1,2,0.5,1,2,0.5,0.82,2,1,3,2,0,0,3,3,8,-3.3
Gary,Clark,clarkga01,26-054,F,1/9/2021,ORL,@,DAL,L,4.9,0,22,2,5,0.4,0,1,0,2,4,0.5,0,0,,0.6,2,2,4,0,1,0,1,1,6,-1.6
Cole,Anthony,anthoco01,20-257,G,1/27/2021,ORL,,SAC,L,4.8,1,30,2,9,0.222,1,7,0.143,1,2,0.5,2,2,1,0.354,0,3,3,6,0,2,2,3,7,-7.3
Khem,Birch,birchkh01,28-086,C-F,12/23/2020,ORL,,MIA,W,4.8,0,14,2,4,0.5,2,4,0.5,0,0,,2,2,1,0.615,1,1,2,0,1,0,0,3,6,-3.2
Evan,Fournier,fournev01,28-117,G-F,2/23/2021,ORL,,DET,L,4.8,1,33,4,14,0.286,1,6,0.167,3,8,0.375,3,6,0.5,0.421,0,3,3,3,1,0,3,2,14,-9.6
Markelle,Fultz,fultzma01,22-216,G,12/31/2020,ORL,,PHI,L,4.8,1,24,4,11,0.364,4,10,0.4,0,1,0,1,1,1,0.393,0,2,2,4,1,1,2,3,9,-5
Dwayne,Bacon,bacondw01,25-134,G,1/11/2021,ORL,,MIL,L,4.7,1,28,5,11,0.455,5,10,0.5,0,1,0,1,2,0.5,0.463,0,3,3,0,0,1,1,2,11,-7.3
Terrence,Ross,rosste01,30-022,F-G,2/27/2021,ORL,,UTA,L,4.7,0,32,4,16,0.25,4,10,0.4,0,6,0,2,2,1,0.296,1,3,4,3,1,0,0,1,10,
Terrence,Ross,rosste01,30-006,F-G,2/11/2021,ORL,@,GSW,L,4.7,0,41,8,27,0.296,6,19,0.316,2,8,0.25,2,3,0.667,0.353,1,5,6,3,0,3,4,4,20,-10.5
James,Ennis,ennisja01,30-192,F,1/9/2021,ORL,@,DAL,L,4.6,1,21,2,5,0.4,2,3,0.667,0,2,0,0,0,,0.4,0,2,2,1,3,0,1,0,4,-1.1
Chuma,Okeke,okekech01,22-127,F,12/23/2020,ORL,,MIA,W,4.6,0,22,1,3,0.333,1,2,0.5,0,1,0,1,2,0.5,0.387,2,3,5,2,1,0,1,0,3,-2.7
Michael,Carter-Williams,cartemi01,29-130,G,2/17/2021,ORL,,NYK,W,4.5,1,30,2,8,0.25,2,7,0.286,0,1,0,2,3,0.667,0.322,0,2,2,7,1,0,2,2,6,-5.8
Khem,Birch,birchkh01,28-092,C-F,12/29/2020,ORL,@,OKC,W,4.4,0,14,3,4,0.75,3,4,0.75,0,0,,1,2,0.5,0.717,1,1,2,0,2,0,2,4,7,-5.4
Terrence,Ross,rosste01,29-355,F-G,1/25/2021,ORL,,CHO,W,4.4,0,32,1,8,0.125,0,3,0,1,5,0.2,3,3,1,0.322,0,1,1,2,3,1,1,2,6,-6.6
Cole,Anthony,anthoco01,20-241,G,1/11/2021,ORL,,MIL,L,4.3,1,23,4,13,0.308,3,9,0.333,1,4,0.25,3,3,1,0.419,0,3,3,1,1,0,2,2,12,-9.8
Michael,Carter-Williams,cartemi01,29-074,G,12/23/2020,ORL,,MIA,W,4.3,0,18,2,5,0.4,2,3,0.667,0,2,0,0,0,,0.4,3,0,3,0,1,1,0,2,4,-3.5
James,Ennis,ennisja01,30-210,F,1/27/2021,ORL,,SAC,L,4.3,1,19,3,4,0.75,2,3,0.667,1,1,1,1,2,0.5,0.82,0,1,1,0,1,0,1,5,8,-6.2
Evan,Fournier,fournev01,28-119,G-F,2/25/2021,ORL,@,BRK,L,4.3,1,26,3,9,0.333,2,4,0.5,1,5,0.2,1,1,1,0.424,0,1,1,3,2,0,3,0,8,-7.1
Chuma,Okeke,okekech01,22-172,F,2/6/2021,ORL,,CHI,L,4.3,0,22,1,5,0.2,1,3,0.333,0,2,0,0,0,,0.2,1,4,5,3,1,2,1,0,2,-4
Dwayne,Bacon,bacondw01,25-119,G,12/27/2020,ORL,@,WAS,W,4.2,1,17,2,4,0.5,2,3,0.667,0,1,0,2,2,1,0.615,0,3,3,0,0,1,1,1,6,-5
Dwayne,Bacon,bacondw01,25-123,G,12/31/2020,ORL,,PHI,L,4.1,1,28,4,9,0.444,3,6,0.5,1,3,0.333,1,2,0.5,0.506,0,3,3,1,0,0,2,1,10,-6.7
Khem,Birch,birchkh01,28-134,C-F,2/9/2021,ORL,@,POR,L,4,0,7,2,3,0.667,2,3,0.667,0,0,,0,0,,0.667,1,2,3,0,0,0,0,0,4,2
Gary,Clark,clarkga01,26-072,F,1/27/2021,ORL,,SAC,L,4,0,26,1,6,0.167,1,1,1,0,5,0,0,0,,0.167,3,1,4,4,1,0,0,1,2,-6.1
James,Ennis,ennisja01,30-220,F,2/6/2021,ORL,,CHI,L,4,1,29,1,6,0.167,1,4,0.25,0,2,0,4,4,1,0.387,3,4,7,1,0,0,1,3,6,-12.6
James,Ennis,ennisja01,30-189,F,1/6/2021,ORL,,CLE,W,4,0,16,2,3,0.667,2,2,1,0,1,0,2,2,1,0.773,2,0,2,1,0,0,2,2,6,-3.2
Terrence,Ross,rosste01,29-339,F-G,1/9/2021,ORL,@,DAL,L,4,0,33,3,12,0.25,3,8,0.375,0,4,0,5,5,1,0.387,0,4,4,3,0,1,3,2,11,-11.2
Mohamed,Bamba,bambamo01,22-275,C,2/11/2021,ORL,@,GSW,L,3.9,0,7,1,2,0.5,1,2,0.5,0,0,,1,2,0.5,0.521,1,1,2,1,1,0,0,1,3,7
Terrence,Ross,rosste01,30-001,F-G,2/6/2021,ORL,,CHI,L,3.8,0,20,5,13,0.385,4,8,0.5,1,5,0.2,2,2,1,0.468,0,2,2,1,0,0,3,1,13,-12.7
Al-Farouq,Aminu,aminual01,30-149,F,2/17/2021,ORL,,NYK,W,3.7,0,12,1,1,1,0,0,,1,1,1,0,0,,1.5,1,2,3,1,0,0,1,0,3,2.5
Jordan,Bone,bonejo01,23-056,G,12/31/2020,ORL,,PHI,L,3.7,0,9,2,4,0.5,2,3,0.667,0,1,0,0,0,,0.5,1,1,2,1,0,0,0,0,4,1.9
Dwayne,Bacon,bacondw01,25-127,G,1/4/2021,ORL,,CLE,W,3.6,1,25,3,7,0.429,1,3,0.333,2,4,0.5,0,0,,0.571,0,2,2,1,1,0,3,0,8,-1.4
Dwayne,Bacon,bacondw01,25-159,G,2/5/2021,ORL,,CHI,W,3.6,0,19,2,5,0.4,2,4,0.5,0,1,0,3,5,0.6,0.486,0,3,3,0,0,0,0,2,7,-9.9
Khem,Birch,birchkh01,28-127,C-F,2/2/2021,ORL,,TOR,L,3.6,0,15,2,3,0.667,2,3,0.667,0,0,,2,2,1,0.773,1,0,1,0,0,0,1,2,6,-7.9
Evan,Fournier,fournev01,28-092,G-F,1/29/2021,ORL,,LAC,L,3.6,1,26,3,13,0.231,2,7,0.286,1,6,0.167,1,1,1,0.298,0,4,4,3,1,0,0,2,8,-6.9
Chuma,Okeke,okekech01,22-183,F,2/17/2021,ORL,,NYK,W,3.6,0,17,1,3,0.333,0,1,0,1,2,0.5,0,0,,0.5,0,1,1,0,2,0,0,0,3,0.3
Chuma,Okeke,okekech01,22-135,F,12/31/2020,ORL,,PHI,L,3.6,0,17,2,4,0.5,0,0,,2,4,0.5,0,0,,0.75,0,1,1,1,0,0,1,1,6,-1.3
Terrence,Ross,rosste01,30-000,F-G,2/5/2021,ORL,,CHI,W,3.5,0,30,3,5,0.6,2,2,1,1,3,0.333,0,0,,0.7,0,4,4,2,1,0,4,2,7,-7.7
Dwayne,Bacon,bacondw01,25-131,G,1/8/2021,ORL,@,HOU,L,3.4,1,28,4,10,0.4,4,9,0.444,0,1,0,2,3,0.667,0.442,0,1,1,1,0,0,1,2,10,-12.2
James,Ennis,ennisja01,30-201,F,1/18/2021,ORL,@,NYK,L,3.4,1,24,2,6,0.333,1,2,0.5,1,4,0.25,0,0,,0.417,0,2,2,2,1,2,1,4,5,0.1
James,Ennis,ennisja01,30-191,F,1/8/2021,ORL,@,HOU,L,3.4,1,20,2,7,0.286,2,7,0.286,0,0,,2,2,1,0.381,1,2,3,2,1,0,1,3,6,-9.4
Aaron,Gordon,gordoaa01,25-102,F,12/27/2020,ORL,@,WAS,W,3.4,1,20,1,4,0.25,1,3,0.333,0,1,0,2,2,1,0.41,0,6,6,0,0,0,0,0,4,-8
Cole,Anthony,anthoco01,20-245,G,1/15/2021,ORL,@,BOS,L,3.3,1,27,7,18,0.389,6,12,0.5,1,6,0.167,0,1,0,0.407,1,5,6,3,0,0,5,2,15,-12.3
Mohamed,Bamba,bambamo01,22-276,C,2/12/2021,ORL,@,SAC,W,3.3,0,14,2,6,0.333,1,4,0.25,1,2,0.5,0,0,,0.417,2,1,3,0,1,0,1,0,5,-10.6
Jordan,Bone,bonejo01,23-087,G,1/31/2021,ORL,@,TOR,L,3.3,0,3,1,2,0.5,0,0,,1,2,0.5,0,0,,0.75,0,1,1,2,0,0,0,1,3,28.4
Dwayne,Bacon,bacondw01,25-143,G,1/20/2021,ORL,@,MIN,W,3.2,0,20,2,5,0.4,2,4,0.5,0,1,0,0,0,,0.4,0,4,4,1,0,0,0,0,4,-6.9
Michael,Carter-Williams,cartemi01,29-080,G,12/29/2020,ORL,@,OKC,W,3.2,0,24,2,6,0.333,2,6,0.333,0,0,,0,0,,0.333,2,6,8,2,1,0,1,5,4,-8.4
Gary,Clark,clarkga01,26-076,F,1/31/2021,ORL,@,TOR,L,3.2,0,22,1,2,0.5,0,0,,1,2,0.5,0,0,,0.75,0,3,3,1,0,0,0,1,3,-4.3
Gary,Clark,clarkga01,26-049,F,1/4/2021,ORL,,CLE,W,3.2,0,21,2,5,0.4,0,1,0,2,4,0.5,0,0,,0.6,2,3,5,0,0,0,2,1,6,-3.9
Jordan,Bone,bonejo01,23-074,G,1/18/2021,ORL,@,NYK,L,3,0,12,2,2,1,1,1,1,1,1,1,0,0,,1.25,0,0,0,0,0,0,1,1,5,-0.9
Dwayne,Bacon,bacondw01,25-132,G,1/9/2021,ORL,@,DAL,L,2.9,1,27,4,13,0.308,4,12,0.333,0,1,0,1,2,0.5,0.324,2,1,3,1,1,0,0,4,9,-11
Gary,Clark,clarkga01,26-078,F,2/2/2021,ORL,,TOR,L,2.9,1,25,1,5,0.2,0,1,0,1,4,0.25,0,0,,0.3,0,0,0,3,1,1,0,2,3,-3.2
Chuma,Okeke,okekech01,22-187,F,2/21/2021,ORL,,DET,W,2.8,0,25,1,3,0.333,1,2,0.5,0,1,0,0,0,,0.333,0,3,3,2,1,0,0,2,2,-5.4
Cole,Anthony,anthoco01,20-239,G,1/9/2021,ORL,@,DAL,L,2.7,1,32,2,8,0.25,1,3,0.333,1,5,0.2,3,4,0.75,0.41,0,2,2,3,0,0,2,2,8,-10.2
Khem,Birch,birchkh01,28-142,C-F,2/17/2021,ORL,,NYK,W,2.7,0,16,0,1,0,0,1,0,0,0,,0,2,0,0,4,0,4,0,0,2,0,0,0,-5.9
Khem,Birch,birchkh01,28-105,C-F,1/11/2021,ORL,,MIL,L,2.7,0,19,1,3,0.333,1,3,0.333,0,0,,0,0,,0.333,2,1,3,1,0,0,0,0,2,-6.9
Jordan,Bone,bonejo01,23-065,G,1/9/2021,ORL,@,DAL,L,2.7,0,13,1,2,0.5,1,1,1,0,1,0,0,0,,0.5,0,1,1,2,0,0,0,0,2,-4
Jordan,Bone,bonejo01,23-089,G,2/2/2021,ORL,,TOR,L,2.6,0,17,1,6,0.167,0,2,0,1,4,0.25,0,0,,0.25,1,1,2,4,0,0,0,1,3,-6.8
Gary,Clark,clarkga01,26-045,F,12/31/2020,ORL,,PHI,L,2.6,0,10,1,2,0.5,1,1,1,0,1,0,1,1,1,0.615,0,2,2,0,0,0,0,0,3,-2.8
James,Ennis,ennisja01,30-194,F,1/11/2021,ORL,,MIL,L,2.6,1,15,1,3,0.333,0,1,0,1,2,0.5,0,0,,0.5,0,2,2,1,1,0,1,0,3,-3.2
Evan,Fournier,fournev01,28-063,G-F,12/31/2020,ORL,,PHI,L,2.6,1,8,1,3,0.333,1,1,1,0,2,0,1,1,1,0.436,0,1,1,2,0,0,0,1,3,-1.3
Al-Farouq,Aminu,aminual01,30-155,F,2/23/2021,ORL,,DET,L,2.5,1,22,1,3,0.333,0,2,0,1,1,1,0,0,,0.5,0,4,4,1,1,1,2,1,3,-7.3
Gary,Clark,clarkga01,26-088,F,2/12/2021,ORL,@,SAC,W,2.5,1,21,2,4,0.5,0,0,,2,4,0.5,0,0,,0.75,0,2,2,1,0,0,2,2,6,-6.8
Chuma,Okeke,okekech01,22-130,F,12/26/2020,ORL,@,WAS,W,2.5,0,18,1,4,0.25,1,3,0.333,0,1,0,1,2,0.5,0.307,1,2,3,2,0,0,0,1,3,-6.6
Mohamed,Bamba,bambamo01,22-289,C,2/25/2021,ORL,@,BRK,L,2.4,0,13,1,3,0.333,1,3,0.333,0,0,,0,0,,0.333,0,4,4,0,1,1,0,2,2,-5.4
Khem,Birch,birchkh01,28-144,C-F,2/19/2021,ORL,,GSW,W,2.3,1,13,0,0,,0,0,,0,0,,2,3,0.667,0.758,1,0,1,0,0,0,0,0,2,-6.9
Markelle,Fultz,fultzma01,22-222,G,1/6/2021,ORL,,CLE,W,2.3,1,4,1,3,0.333,1,3,0.333,0,0,,1,1,1,0.436,0,0,0,0,1,0,0,0,3,6.2
Chasson,Randle,randlch01,28-014,G,2/19/2021,ORL,,GSW,W,2.3,0,15,1,4,0.25,1,2,0.5,0,2,0,1,1,1,0.338,1,1,2,2,0,1,1,1,3,-8.9
Mohamed,Bamba,bambamo01,22-278,C,2/14/2021,ORL,@,PHO,L,2.2,0,23,1,7,0.143,1,4,0.25,0,3,0,0,0,,0.143,2,9,11,0,0,2,0,2,2,-10.4
Markelle,Fultz,fultzma01,22-220,G,1/4/2021,ORL,,CLE,W,2.2,1,31,3,9,0.333,3,8,0.375,0,1,0,0,0,,0.333,0,5,5,8,0,0,5,2,6,-11.4
Terrence,Ross,rosste01,29-341,F-G,1/11/2021,ORL,,MIL,L,2.2,0,25,2,6,0.333,2,4,0.5,0,2,0,0,0,,0.333,0,3,3,3,2,0,3,1,4,-9.4
Khem,Birch,birchkh01,28-114,C-F,1/20/2021,ORL,@,MIN,W,2.1,0,26,0,5,0,0,4,0,0,1,0,2,4,0.5,0.148,4,2,6,1,1,1,1,1,2,-10.7
James,Ennis,ennisja01,30-208,F,1/25/2021,ORL,,CHO,W,2.1,1,14,0,1,0,0,0,,0,1,0,0,0,,0,0,4,4,3,1,1,1,3,0,-0.9
Terrence,Ross,rosste01,30-020,F-G,2/25/2021,ORL,@,BRK,L,2.1,0,25,1,9,0.111,0,4,0,1,5,0.2,2,3,0.667,0.242,1,2,3,3,1,0,1,0,5,-9.1
Terrence,Ross,rosste01,29-361,F-G,1/31/2021,ORL,@,TOR,L,2.1,0,28,1,5,0.2,1,2,0.5,0,3,0,2,2,1,0.34,0,0,0,2,1,0,0,3,4,-11.3
Dwayne,Bacon,bacondw01,25-175,G,2/21/2021,ORL,,DET,W,2,0,17,2,7,0.286,1,3,0.333,1,4,0.25,2,2,1,0.444,0,3,3,0,0,0,1,2,7,-12.9
Khem,Birch,birchkh01,28-146,C-F,2/21/2021,ORL,,DET,W,2,0,12,0,2,0,0,2,0,0,0,,0,0,,0,1,1,2,1,0,3,0,1,0,-1.6
Gary,Clark,clarkga01,26-087,F,2/11/2021,ORL,@,GSW,L,2,1,16,1,2,0.5,1,1,1,0,1,0,0,0,,0.5,1,1,2,1,0,1,1,1,2,-4.3
Chasson,Randle,randlch01,28-016,G,2/21/2021,ORL,,DET,W,2,0,21,1,1,1,1,1,1,0,0,,2,2,1,1.064,0,3,3,0,0,0,1,4,4,-9.5
Nikola,Vucevic,vucevni01,30-097,C,1/29/2021,ORL,,LAC,L,2,1,29,4,13,0.308,2,9,0.222,2,4,0.5,0,0,,0.385,2,4,6,1,0,0,3,2,10,-10.7
Al-Farouq,Aminu,aminual01,30-157,F,2/25/2021,ORL,@,BRK,L,1.9,1,23,1,6,0.167,1,4,0.25,0,2,0,0,0,,0.167,0,3,3,4,2,0,2,0,2,-6.5
Gary,Clark,clarkga01,26-065,F,1/20/2021,ORL,@,MIN,W,1.9,0,8,0,0,,0,0,,0,0,,0,0,,,1,4,5,0,0,0,0,0,0,-2.6
James,Ennis,ennisja01,30-237,F,2/23/2021,ORL,,DET,L,1.9,1,24,1,4,0.25,1,2,0.5,0,2,0,2,4,0.5,0.347,1,4,5,2,0,0,1,3,4,-12.2
Cole,Anthony,anthoco01,20-236,G,1/6/2021,ORL,,CLE,W,1.8,0,32,4,12,0.333,4,8,0.5,0,4,0,0,0,,0.333,0,4,4,3,0,1,3,1,8,-10.3
Dwayne,Bacon,bacondw01,25-179,G,2/25/2021,ORL,@,BRK,L,1.8,0,24,4,10,0.4,3,4,0.75,1,6,0.167,2,2,1,0.506,0,2,2,0,0,0,4,1,11,-13.1
Mohamed,Bamba,bambamo01,22-283,C,2/19/2021,ORL,,GSW,W,1.8,0,9,1,2,0.5,1,1,1,0,1,0,1,1,1,0.615,2,1,3,0,0,1,1,4,3,-14
Gary,Clark,clarkga01,26-060,F,1/15/2021,ORL,@,BOS,L,1.8,0,27,1,4,0.25,1,2,0.5,0,2,0,1,2,0.5,0.307,0,3,3,0,1,1,1,0,3,-7.6
James,Ennis,ennisja01,30-235,F,2/21/2021,ORL,,DET,W,1.8,1,21,1,3,0.333,1,1,1,0,2,0,1,2,0.5,0.387,0,2,2,1,0,0,0,1,3,-8.9
Gary,Clark,clarkga01,26-047,F,1/2/2021,ORL,,OKC,L,1.7,0,18,0,2,0,0,0,,0,2,0,0,0,,0,2,4,6,1,2,0,1,3,0,-2.3
Khem,Birch,birchkh01,28-131,C-F,2/6/2021,ORL,,CHI,L,1.6,0,16,0,1,0,0,1,0,0,0,,0,0,,0,2,3,5,1,0,1,1,1,0,-11.2
Michael,Carter-Williams,cartemi01,29-132,G,2/19/2021,ORL,,GSW,W,1.4,1,33,2,13,0.154,0,7,0,2,6,0.333,2,2,1,0.288,3,1,4,5,1,2,5,4,8,-13.2
Gary,Clark,clarkga01,26-067,F,1/22/2021,ORL,@,IND,L,1.4,0,10,0,0,,0,0,,0,0,,0,0,,,3,1,4,0,0,0,1,0,0,-6.6
Gary,Clark,clarkga01,26-090,F,2/14/2021,ORL,@,PHO,L,1.4,1,28,0,4,0,0,0,,0,4,0,0,0,,0,2,5,7,1,1,0,0,1,0,-7.7
Aaron,Gordon,gordoaa01,25-106,F,12/31/2020,ORL,,PHI,L,1.4,1,21,1,8,0.125,1,4,0.25,0,4,0,4,5,0.8,0.294,0,3,3,1,0,2,2,0,6,-9.8
Gary,Clark,clarkga01,26-051,F,1/6/2021,ORL,,CLE,W,1.3,1,28,1,4,0.25,0,1,0,1,3,0.333,0,0,,0.375,1,3,4,1,0,0,0,4,3,-4.9
Gary,Clark,clarkga01,26-056,F,1/11/2021,ORL,,MIL,L,1.3,0,19,1,4,0.25,1,1,1,0,3,0,0,0,,0.25,2,1,3,2,0,0,1,1,2,-8.5
Karim,Mane,maneka01,20-244,G,1/15/2021,ORL,@,BOS,L,1.2,0,6,1,2,0.5,0,1,0,1,1,1,0,0,,0.75,0,0,0,0,0,0,0,2,3,-2.8
Chuma,Okeke,okekech01,22-131,F,12/27/2020,ORL,@,WAS,W,1.1,0,16,0,0,,0,0,,0,0,,0,0,,,1,0,1,2,0,0,1,0,0,-4.6
Chasson,Randle,randlch01,28-012,G,2/17/2021,ORL,,NYK,W,1.1,0,19,1,4,0.25,1,2,0.5,0,2,0,0,0,,0.25,0,2,2,5,0,0,1,4,2,-13.3
Khem,Birch,birchkh01,28-150,C-F,2/25/2021,ORL,@,BRK,L,1,0,6,1,2,0.5,1,2,0.5,0,0,,0,0,,0.5,0,0,0,0,0,0,0,0,2,-7.4
Gary,Clark,clarkga01,26-101,F,2/25/2021,ORL,@,BRK,L,0.9,0,8,0,3,0,0,1,0,0,2,0,2,2,1,0.258,0,1,1,1,0,0,0,0,2,-9.7
Karim,Mane,maneka01,20-237,G,1/8/2021,ORL,@,HOU,L,0.8,0,21,0,3,0,0,2,0,0,1,0,2,2,1,0.258,0,5,5,1,0,1,2,0,2,-12.4
Dwayne,Bacon,bacondw01,25-177,G,2/23/2021,ORL,,DET,L,0.7,0,18,4,12,0.333,4,10,0.4,0,2,0,0,0,,0.333,0,1,1,0,0,0,0,2,8,-17.2
Frank,Mason,masonfr01,26-308,G,2/5/2021,ORL,,CHI,W,0.7,0,16,1,4,0.25,0,3,0,1,1,1,1,2,0.5,0.41,0,1,1,4,0,0,2,4,4,-14.7
Mohamed,Bamba,bambamo01,22-237,C,1/4/2021,ORL,,CLE,W,0.6,0,4,0,0,,0,0,,0,0,,0,0,,,0,2,2,1,0,1,1,1,0,2.5
Chasson,Randle,randlch01,28-020,G,2/25/2021,ORL,@,BRK,L,0.6,0,24,2,5,0.4,1,1,1,1,4,0.25,1,2,0.5,0.51,0,3,3,0,0,0,2,3,6,-12.4
Gary,Clark,clarkga01,26-082,F,2/6/2021,ORL,,CHI,L,0.4,1,30,1,5,0.2,0,0,,1,5,0.2,0,0,,0.3,0,3,3,0,0,0,0,1,3,-12.9
Mohamed,Bamba,bambamo01,22-266,C,2/2/2021,ORL,,TOR,L,0.3,0,3,0,0,,0,0,,0,0,,0,0,,,0,1,1,0,0,0,0,0,0,-7.5
Karim,Mane,maneka01,20-240,G,1/11/2021,ORL,,MIL,L,0.3,0,3,0,0,,0,0,,0,0,,0,0,,,0,1,1,0,0,0,0,0,0,-5.7
Karim,Mane,maneka01,20-235,G,1/6/2021,ORL,,CLE,W,0.3,0,4,0,1,0,0,1,0,0,0,,2,2,1,0.532,0,0,0,0,0,0,1,0,2,-18.3
Gary,Clark,clarkga01,26-085,F,2/9/2021,ORL,@,POR,L,0.2,1,16,0,3,0,0,1,0,0,2,0,0,0,,0,0,2,2,3,0,0,0,1,0,-9.8
Cole,Anthony,anthoco01,20-259,G,1/29/2021,ORL,,LAC,L,0.1,1,30,2,10,0.2,2,5,0.4,0,5,0,2,2,1,0.276,0,3,3,6,0,0,4,2,6,-12.4
Cole,Anthony,anthoco01,20-248,G,1/18/2021,ORL,@,NYK,L,0.1,1,28,2,12,0.167,0,7,0,2,5,0.4,0,0,,0.25,0,5,5,1,1,1,1,3,6,-9.9
Chuma,Okeke,okekech01,22-178,F,2/12/2021,ORL,@,SAC,W,0.1,0,26,1,4,0.25,1,2,0.5,0,2,0,0,0,,0.25,2,2,4,1,0,0,1,3,2,-13.5
Karim,Mane,maneka01,20-233,G,1/4/2021,ORL,,CLE,W,0,0,3,0,0,,0,0,,0,0,,0,0,,,0,0,0,0,0,0,0,0,0,-5.5
Terrence,Ross,rosste01,29-345,F-G,1/15/2021,ORL,@,BOS,L,-0.1,0,25,3,11,0.273,3,8,0.375,0,3,0,0,0,,0.273,0,5,5,1,0,0,1,2,6,-15.8
Dwayne,Bacon,bacondw01,25-125,G,1/2/2021,ORL,,OKC,L,-0.2,1,30,2,11,0.182,2,7,0.286,0,4,0,1,1,1,0.219,0,4,4,1,1,0,0,3,5,-13.6
James,Ennis,ennisja01,30-199,F,1/16/2021,ORL,@,BRK,L,-0.2,1,14,1,2,0.5,1,1,1,0,1,0,0,0,,0.5,1,2,3,0,0,1,2,3,2,-14.6
Chuma,Okeke,okekech01,22-191,F,2/25/2021,ORL,@,BRK,L,-0.2,0,17,0,4,0,0,3,0,0,1,0,0,0,,0,0,3,3,1,1,0,0,0,0,-10.8
Terrence,Ross,rosste01,29-350,F-G,1/20/2021,ORL,@,MIN,W,-0.2,0,24,4,14,0.286,4,9,0.444,0,5,0,0,1,0,0.277,2,3,5,5,0,0,3,6,8,-17.1
Cole,Anthony,anthoco01,20-232,G,1/2/2021,ORL,,OKC,L,-0.3,0,17,1,7,0.143,1,5,0.2,0,2,0,0,0,,0.143,2,3,5,1,0,0,0,2,2,-15.7
Dwayne,Bacon,bacondw01,25-173,G,2/19/2021,ORL,,GSW,W,-0.4,0,16,0,0,,0,0,,0,0,,0,0,,,0,0,0,0,0,0,0,1,0,-10.8
Jordan,Bone,bonejo01,23-060,G,1/4/2021,ORL,,CLE,W,-0.4,0,3,0,1,0,0,1,0,0,0,,0,0,,0,0,1,1,0,0,0,0,0,0,-19.3
Gary,Clark,clarkga01,26-103,F,2/27/2021,ORL,,UTA,L,-0.4,0,5,0,0,,0,0,,0,0,,0,0,,,0,0,0,0,0,0,0,1,0,
Aaron,Gordon,gordoaa01,25-135,F,1/29/2021,ORL,,LAC,L,-0.4,1,29,4,13,0.308,3,12,0.25,1,1,1,0,0,,0.346,2,5,7,2,1,0,6,3,9,-14.5
Frank,Mason,masonfr01,26-314,G,2/11/2021,ORL,@,GSW,L,-0.4,1,4,0,0,,0,0,,0,0,,0,0,,,0,0,0,0,0,0,0,1,0,-14.8
Jordan,Bone,bonejo01,23-072,G,1/16/2021,ORL,@,BRK,L,-0.6,0,21,0,3,0,0,0,,0,3,0,0,0,,0,0,4,4,1,1,0,1,1,0,-14.5
Mohamed,Bamba,bambamo01,22-260,C,1/27/2021,ORL,,SAC,L,-0.7,0,2,0,0,,0,0,,0,0,,0,0,,,0,1,1,0,0,0,1,0,0,-33.7
Jordan,Bone,bonejo01,23-083,G,1/27/2021,ORL,,SAC,L,-0.7,0,2,0,1,0,0,0,,0,1,0,0,0,,0,0,0,0,0,0,0,0,0,0,-32.5
Al-Farouq,Aminu,aminual01,30-141,F,2/9/2021,ORL,@,POR,L,-0.8,0,5,0,0,,0,0,,0,0,,0,2,0,0,0,1,1,1,0,0,1,0,0,-17
Gary,Clark,clarkga01,26-041,F,12/27/2020,ORL,@,WAS,W,-0.8,0,9,0,2,0,0,0,,0,2,0,0,0,,0,1,2,3,1,0,0,1,1,0,-15.8
Cole,Anthony,anthoco01,20-270,G,2/9/2021,ORL,@,POR,L,-0.9,1,14,2,7,0.286,2,5,0.4,0,2,0,0,0,,0.286,0,4,4,0,0,0,2,0,4,-22.2
Michael,Carter-Williams,cartemi01,29-084,G,1/2/2021,ORL,,OKC,L,-0.9,1,31,2,11,0.182,2,7,0.286,0,4,0,0,0,,0.182,4,5,9,1,0,0,1,5,4,-16.3
Dwayne,Bacon,bacondw01,25-115,G,12/23/2020,ORL,,MIA,W,-1.3,1,19,0,5,0,0,4,0,0,1,0,0,0,,0,0,3,3,3,0,0,0,2,0,-12.7
James,Ennis,ennisja01,30-198,F,1/15/2021,ORL,@,BOS,L,-1.3,1,15,1,4,0.25,1,2,0.5,0,2,0,0,0,,0.25,0,1,1,0,0,0,0,3,2,-16.8
Karim,Mane,maneka01,20-229,G,12/31/2020,ORL,,PHI,L,-1.3,0,19,0,3,0,0,3,0,0,0,,0,0,,0,0,4,4,0,0,0,0,1,0,-13.7
Terrence,Ross,rosste01,29-338,F-G,1/8/2021,ORL,@,HOU,L,-1.3,0,18,2,9,0.222,1,5,0.2,1,4,0.25,0,0,,0.278,0,1,1,1,1,0,2,2,5,-18.2
Jordan,Bone,bonejo01,23-085,G,1/29/2021,ORL,,LAC,L,-1.4,0,6,0,2,0,0,1,0,0,1,0,0,0,,0,0,0,0,0,0,0,0,0,0,-19.9
Gary,Clark,clarkga01,26-081,F,2/5/2021,ORL,,CHI,W,-1.8,1,17,0,1,0,0,0,,0,1,0,0,0,,0,1,0,1,0,0,0,1,2,0,-12.3
Terrence,Ross,rosste01,29-363,F-G,2/2/2021,ORL,,TOR,L,-1.8,0,24,1,8,0.125,0,3,0,1,5,0.2,0,0,,0.188,0,3,3,2,0,1,1,4,3,-16.5
Mohamed,Bamba,bambamo01,22-239,C,1/6/2021,ORL,,CLE,W,-1.9,0,4,0,2,0,0,1,0,0,1,0,0,0,,0,0,1,1,0,0,0,0,2,0,-37.7
Michael,Carter-Williams,cartemi01,29-086,G,1/4/2021,ORL,,CLE,W,-2.1,1,18,0,4,0,0,2,0,0,2,0,0,0,,0,1,0,1,3,0,1,2,2,0,-11.8
Gary,Clark,clarkga01,26-063,F,1/18/2021,ORL,@,NYK,L,-2.6,0,19,0,5,0,0,0,,0,5,0,0,0,,0,0,2,2,0,0,1,0,1,0,-15.3
Gary,Clark,clarkga01,26-053,F,1/8/2021,ORL,@,HOU,L,-2.6,1,31,0,3,0,0,0,,0,3,0,0,0,,0,0,4,4,0,0,1,2,1,0,-15.8
Aaron,Gordon,gordoaa01,25-133,F,1/27/2021,ORL,,SAC,L,-3.1,1,26,1,9,0.111,0,6,0,1,3,0.333,0,0,,0.167,1,4,5,5,0,0,4,4,3,-19.5
Dwayne,Bacon,bacondw01,25-141,G,1/18/2021,ORL,@,NYK,L,-4.5,1,27,1,7,0.143,1,4,0.25,0,3,0,0,0,,0.143,0,1,1,1,0,0,1,5,2,-18.3
Dwayne,Bacon,bacondw01,25-147,G,1/24/2021,ORL,,CHO,L,-4.8,0,18,1,7,0.143,1,4,0.25,0,3,0,0,0,,0.143,0,3,3,2,0,0,3,4,2,-26.7
